"CountryCode","Ranking","Country","GDP","Long.Name","Income.Group","Region","Lending.category","Other.groups","Currency.Unit","Latest.population.census","Latest.household.survey","Special.Notes","National.accounts.base.year","National.accounts.reference.year","System.of.National.Accounts","SNA.price.valuation","Alternative.conversion.factor","PPP.survey.year","Balance.of.Payments.Manual.in.use","External.debt.Reporting.status","System.of.trade","Government.Accounting.concept","IMF.data.dissemination.standard","Source.of.most.recent.Income.and.expenditure.data","Vital.registration.complete","Latest.agricultural.census","Latest.industrial.data","Latest.trade.data","Latest.water.withdrawal.data","X2.alpha.code","WB.2.code","Table.Name","Short.Name"
"1","ABW",72,"Aruba"," 2,584 ","Aruba","High income: nonOECD","Latin America & Caribbean","","","Aruban florin","2000","","","1995",NA,NA,"","",NA,"","","Special","","","","","",NA,2008,NA,"AW","AW","Aruba","Aruba"
"2","AFG",10,"Afghanistan"," 20,497 ","Islamic State of Afghanistan","Low income","South Asia","IDA","HIPC","Afghan afghani","1979","MICS, 2003","Fiscal year end: March 20; reporting period for national accounts data: FY.","2002/2003",NA,NA,"VAB","",NA,"","Actual","General","Consolidated","GDDS","","","",NA,2008,2000,"AF","AF","Afghanistan","Afghanistan"
"3","AGO",149,"Angola"," 114,147 ","People's Republic of Angola","Lower middle income","Sub-Saharan Africa","IDA","","Angolan kwanza","1970","MICS, 2001, MIS, 2006/07","","1997",NA,NA,"VAP","1991-96",2005,"BPM5","Actual","Special","","GDDS","IHS, 2000","","1964-65",NA,1991,2000,"AO","AO","Angola","Angola"
"4","ALB",32,"Albania"," 12,648 ","Republic of Albania","Upper middle income","Europe & Central Asia","IBRD","","Albanian lek","2001","MICS, 2005","","",1996,1993,"VAB","",2005,"BPM5","Actual","General","Consolidated","GDDS","LSMS, 2005","Yes","1998",2005,2008,2000,"AL","AL","Albania","Albania"
"5","ARE",118,"United Arab Emirates"," 348,595 ","United Arab Emirates","High income: nonOECD","Middle East & North Africa","","","U.A.E. dirham","2005","","","1995",NA,NA,"VAB","",NA,"BPM4","","General","Consolidated","GDDS","","","1998",NA,2008,2005,"AE","AE","United Arab Emirates","United Arab Emirates"
"6","ARG",111,"Argentina"," 475,502 ","Argentine Republic","Upper middle income","Latin America & Caribbean","IBRD","","Argentine peso","2001","","","1993",NA,1993,"VAB","1971-84",2005,"BPM5","Actual","Special","Consolidated","SDDS","IHS, 2006","Yes","2002",2001,2008,2000,"AR","AR","Argentina","Argentina"
"7","ARM",41,"Armenia"," 9,951 ","Republic of Armenia","Lower middle income","Europe & Central Asia","Blend","","Armenian dram","2001","DHS, 2005","","",1996,1993,"VAB","1990-95",2005,"BPM5","Actual","Special","Consolidated","SDDS","IHS, 2007","Yes","",NA,2008,2000,"AM","AM","Armenia","Armenia"
"8","ATG",84,"Antigua and Barbuda"," 1,134 ","Antigua and Barbuda","Upper middle income","Latin America & Caribbean","IBRD","","East Caribbean dollar","2001","","The government has revised national accounts data for 1998-2008.","1990",NA,NA,"VAB","",NA,"BPM5","","General","","GDDS","","Yes","",NA,2007,1990,"AG","AG","Antigua and Barbuda","Antigua and Barbuda"
"9","AUS",26,"Australia"," 1,532,408 ","Commonwealth of Australia","High income: OECD","East Asia & Pacific","","","Australian dollar","2006","","Fiscal year end: June 30; reporting period for national accounts data: FY.","",2007,1993,"VAB","",2005,"BPM5","","General","Consolidated","SDDS","ES/BS, 1994","Yes","2001",2004,2008,2000,"AU","AU","Australia","Australia"
"10","AUT",112,"Austria"," 394,708 ","Republic of Austria","High income: OECD","Europe & Central Asia","","Euro area","Euro","2001","","A simple multiplier is used to convert the national currencies of EMU members to euros. The following irrevocable euro conversion rate was adopted by the EU Council on January 1, 1999: 1 euro = 13.7603 Austrian schilling. Please note that historical data before 1999 are not actual euros and are not comparable or suitable for aggregation across countries.","2000",NA,1993,"VAB","",2005,"BPM5","","Special","Consolidated","SDDS","IS 2000","Yes","1999-2000",2004,2008,2000,"AT","AT","Austria","Austria"
"11","AZE",157,"Azerbaijan"," 66,605 ","Republic of Azerbaijan","Upper middle income","Europe & Central Asia","Blend","","New Azeri manat","2009","DHS, 2006","","",2003,1993,"VAB","1992-95",2005,"BPM5","Actual","General","Consolidated","GDDS","ES/BS, 2005","Yes","",2005,2008,2005,"AZ","AZ","Azerbaijan","Azerbaijan"
"12","BDI",73,"Burundi"," 2,472 ","Republic of Burundi","Low income","Sub-Saharan Africa","IDA","HIPC","Burundi franc","1990","MICS, 2005","","1980",NA,NA,"VAB","",2005,"BPM5","Actual","Special","Consolidated","","CWIQ, 2006","","",NA,2008,2000,"BI","BI","Burundi","Burundi"
"13","BEL",110,"Belgium"," 483,262 ","Kingdom of Belgium","High income: OECD","Europe & Central Asia","","Euro area","Euro","2001","","A simple multiplier is used to convert the national currencies of EMU members to euros. The following irrevocable euro conversion rate was adopted by the EU Council on January 1, 1999: 1 euro = 40.3399 Belgian franc. Please note that historical data before 1999 are not actual euros and are not comparable or suitable for aggregation across countries.","2000",NA,1993,"VAB","",2005,"BPM5","","Special","Consolidated","SDDS","IHS, 2000","Yes","1999-2000 (conducted annually)",2004,2008,NA,"BE","BE","Belgium","Belgium"
"14","BEN",49,"Benin"," 7,557 ","Republic of Benin","Low income","Sub-Saharan Africa","IDA","HIPC","CFA franc","2002","DHS, 2006","","1985",NA,NA,"VAP","1992",2005,"BPM5","Preliminary","Special","Budgetary","GDDS","CWIQ, 2003","","1992",NA,2005,2001,"BJ","BJ","Benin","Benin"
"15","BFA",35,"Burkina Faso"," 10,441 ","Burkina Faso","Low income","Sub-Saharan Africa","IDA","HIPC","CFA franc","2006","MICS, 2006","","1999",NA,NA,"VAB","1992-93",2005,"BPM4","Actual","General","Budgetary","GDDS","CWIQ, 2003","","1993",NA,2005,2000,"BF","BF","Burkina Faso","Burkina Faso"
"16","BGD",147,"Bangladesh"," 116,355 ","People's Republic of Bangladesh","Low income","South Asia","IDA","","Bangladeshi taka","2001","DHS, 2007","Fiscal year end: June 30; reporting period for national accounts data: FY.","1995/1996",NA,1993,"VAB","",2005,"BPM5","Preliminary","General","Consolidated","GDDS","IHS, 2005","","2005",1997,2007,2000,"BD","BD","Bangladesh","Bangladesh"
"17","BGR",166,"Bulgaria"," 50,972 ","Republic of Bulgaria","Upper middle income","Europe & Central Asia","IBRD","","Bulgarian lev","2001","","","",2002,1993,"VAB","1978-89, 1991-92",2005,"BPM5","Actual","General","Consolidated","SDDS","ES/BS, 2003","Yes","",2005,2008,2000,"BG","BG","Bulgaria","Bulgaria"
"18","BHR",185,"Bahrain"," 29,044 ","Kingdom of Bahrain","High income: nonOECD","Middle East & North Africa","","","Bahraini dinar","2001","","","1985",NA,NA,"VAP","",2005,"BPM5","","General","Consolidated","GDDS","","Yes","",NA,2007,2003,"BH","BH","Bahrain","Bahrain"
"19","BHS",46,"Bahamas, The"," 8,149 ","Commonwealth of The Bahamas","High income: nonOECD","Latin America & Caribbean","","","Bahamian dollar","2000","","The government has revised national accounts data for 1997-2007. The new base year is 2006.","2006",NA,1993,"VAB","",NA,"BPM5","","General","Budgetary","GDDS","","","",1997,2008,NA,"BS","BS","Bahamas, The","The Bahamas"
"20","BIH",17,"Bosnia and Herzegovina"," 17,466 ","Bosnia and Herzegovina","Upper middle income","Europe & Central Asia","Blend","","Bosnia and Herzegovina convertible mark","1991","MICS, 2006","","",1996,1993,"VAB","",2005,"BPM5","Actual","General","Consolidated","","LSMS, 2007","Yes","",NA,2008,NA,"BA","BA","Bosnia and Herzegovina","Bosnia and Herzegovina"
"21","BLR",158,"Belarus"," 63,267 ","Republic of Belarus","Upper middle income","Europe & Central Asia","IBRD","","Belarusian rubel","1999","MICS, 2005","","",2000,1993,"VAB","1990-95",2005,"BPM5","Actual","General","Consolidated","SDDS","ES/BS 2007","Yes","1994",NA,2008,2000,"BY","BY","Belarus","Belarus"
"22","BLZ",80,"Belize"," 1,493 ","Belize","Lower middle income","Latin America & Caribbean","IBRD","","Belize dollar","2000","MICS, 2006","The government has revised national accounts data for 1991-2008.","2000",NA,1993,"VAB","",NA,"BPM5","Actual","General","Budgetary","GDDS","ES/BS 1995","","",NA,2008,2000,"BZ","BZ","Belize","Belize"
"23","BMU",58,"Bermuda"," 5,474 ","The Bermudas","High income: nonOECD","North America","","","Bermuda dollar","2000","","The Statistical Office has revised national accounts data for 1996-2007.","1996",NA,NA,"VAB","",NA,"","","","","","","Yes","",NA,2008,NA,"BM","BM","Bermuda","Bermuda"
"24","BOL",188,"Bolivia"," 27,035 ","Plurinational State of Bolivia","Lower middle income","Latin America & Caribbean","Blend","HIPC","Bolivian Boliviano","2001","DHS, 2008","","1990",NA,1993,"VAB","1960-85",2005,"BPM5","Actual","Special","Consolidated","GDDS","IHS, 2007","","1984-1988",2000,2008,2000,"BO","BO","Bolivia","Bolivia"
"25","BRA",159,"Brazil"," 2,252,664 ","Federative Republic of Brazil","Upper middle income","Latin America & Caribbean","IBRD","","Brazilian real","2000","DHS, 1996","","2000",NA,1993,"VAB","",2005,"BPM5","Actual","Special","Consolidated","SDDS","LFS, 2007","","1996",2004,2008,2000,"BR","BR","Brazil","Brazil"
"26","BRB",63,"Barbados"," 4,225 ","Barbados","High income: nonOECD","Latin America & Caribbean","","","Barbados dollar","2000","","","1974",NA,NA,"VAB","",NA,"BPM5","","General","Consolidated","GDDS","","Yes","",NA,2008,2000,"BB","BB","Barbados","Barbados"
"27","BRN",19,"Brunei Darussalam"," 16,954 ","Brunei Darussalam","High income: nonOECD","East Asia & Pacific","","","Brunei dollar","2001","","","2000",NA,NA,"VAP","",2005,"","","General","","GDDS","","Yes","",NA,2006,NA,"BN","BN","Brunei Darussalam","Brunei"
"28","BTN",78,"Bhutan"," 1,780 ","Kingdom of Bhutan","Lower middle income","South Asia","IDA","","Bhutanese ngultrum","2005","","","2000",NA,1993,"VAB","",2005,"","Actual","","Consolidated","","IHS, 2003","","2000",NA,2008,2000,"BT","BT","Bhutan","Bhutan"
"29","BWA",23,"Botswana"," 14,504 ","Republic of Botswana","Upper middle income","Sub-Saharan Africa","IBRD","","Botswana pula","2001","MICS, 2000","Fiscal year end: June 30; reporting period for national accounts data: FY.","1993/1994",NA,1993,"VAB","",2005,"BPM5","Preliminary","General","Budgetary","GDDS","ES/BS, 1993/94","","1993",2005,2008,2000,"BW","BW","Botswana","Botswana"
"30","CAF",76,"Central African Republic"," 2,184 ","Central African Republic","Low income","Sub-Saharan Africa","IDA","HIPC","CFA franc","2003","MICS, 2006","","2000",NA,NA,"VAB","",2005,"BPM4","Preliminary","Special","Budgetary","GDDS","PS, 2003","","1985",NA,2005,2000,"CF","CF","Central African Republic","Central African Republic"
"31","CAN",15,"Canada"," 1,821,424 ","Canada","High income: OECD","North America","","","Canadian dollar","2006","","Fiscal year end: March 31; reporting period for national accounts data: CY.","2000",NA,1993,"VAB","",2005,"BPM5","","General","Consolidated","SDDS","LFS, 2000","Yes","1996/2001",2001,2008,2000,"CA","CA","Canada","Canada"
"32","CHE",105,"Switzerland"," 631,173 ","Switzerland","High income: OECD","Europe & Central Asia","","","Swiss franc","2000","","","2000",NA,NA,"VAB","",2005,"BPM5","","Special","Consolidated","SDDS","ES/BS, 2000","Yes","2000",NA,2008,2000,"CH","CH","Switzerland","Switzerland"
"33","CHL",122,"Chile"," 269,869 ","Republic of Chile","Upper middle income","Latin America & Caribbean","IBRD","","Chilean peso","2002","","","2003",NA,1993,"VAB","",2005,"BPM5","Actual","Special","Consolidated","SDDS","IHS, 2006","Yes","1997",2005,2008,2000,"CL","CL","Chile","Chile"
"34","CHN",104,"China"," 8,227,103 ","People's Republic of China","Lower middle income","East Asia & Pacific","IBRD","","Chinese yuan","2000","NSS, 2007","On 1 July 1997 China resumed its exercise of sovereignty over Hong Kong; and on 20 December 1999 China resumed its exercise of sovereignty over Macao. Unless otherwise noted, data for China do not include data for Hong Kong SAR, China; Macao SAR, China; or Taiwan, China.","2000",NA,1993,"VAP","1978-93",2005,"BPM5","Preliminary","Special","Budgetary","GDDS","IHS, 2005","","1997",2005,2008,2000,"CN","CN","China","China"
"35","CIV",191,"Côte d'Ivoire"," 24,680 ","Republic of Côte d'Ivoire","Lower middle income","Sub-Saharan Africa","IDA","HIPC","CFA franc","1998","MICS, 2006","","1996",NA,NA,"VAP","",2005,"BPM5","Actual","Special","Consolidated","GDDS","IHS, 2002","","2001",NA,2008,NA,"CI","CI","Côte d'Ivoire","Côte d'Ivoire"
"36","CMR",190,"Cameroon"," 25,322 ","Republic of Cameroon","Lower middle income","Sub-Saharan Africa","IDA","HIPC","CFA franc","1987","MICS, 2006","","2000",NA,1993,"VAB","",2005,"BPM5","Actual","Special","Consolidated","GDDS","PS, 2001","","1984",NA,2006,2000,"CM","CM","Cameroon","Cameroon"
"37","COG",28,"Congo, Rep."," 13,678 ","Republic of Congo","Lower middle income","Sub-Saharan Africa","IDA","HIPC","CFA franc","1996","DHS, 2005","","1978",NA,NA,"VAP","1993",2005,"BPM5","Preliminary","Special","Consolidated","GDDS","CWIQ/ PS, 2005","","1985-1986",NA,1995,2002,"CG","CG","Congo, Rep.","Congo"
"38","COL",116,"Colombia"," 369,606 ","Republic of Colombia","Upper middle income","Latin America & Caribbean","IBRD","","Colombian peso","2005","DHS, 2005","","2000",NA,1993,"VAB","1992-94",2005,"BPM5","Actual","Special","Budgetary","SDDS","IHS, 2006","","2001",2004,2008,2000,"CO","CO","Colombia","Colombia"
"39","COM",94,"Comoros"," 596 ","Union of the Comoros","Low income","Sub-Saharan Africa","IDA","HIPC","Comorian franc","2003","MICS, 2000","","1990",NA,NA,"VAP","",2005,"","Preliminary","","","","IHS, 2004","","",NA,2007,NA,"KM","KM","Comoros","Comoros"
"40","CPV",77,"Cape Verde"," 1,827 ","Republic of Cape Verde","Lower middle income","Sub-Saharan Africa","Blend","","Cape Verde escudo","2000","","","1980",NA,NA,"VAP","",2005,"BPM5","Actual","Special","","GDDS","ES/BS, 2001","Yes","2004",NA,2008,NA,"CV","CV","Cape Verde","Cape Verde"
"41","CRI",172,"Costa Rica"," 45,104 ","Republic of Costa Rica","Upper middle income","Latin America & Caribbean","IBRD","","Costa Rican colon","2000","RHS, 1993","","1991",NA,1993,"VAB","",NA,"BPM5","Actual","Special","Consolidated","SDDS","LFS, 2007","Yes","1973",NA,2008,2000,"CR","CR","Costa Rica","Costa Rica"
"42","CUB",156,"Cuba"," 68,234 ","Republic of Cuba","Upper middle income","Latin America & Caribbean","","","Cuban peso","2002","MICS, 2006","","1984",NA,NA,"VAP","",NA,"","","General","","","","Yes","",NA,2006,2000,"CU","CU","Cuba","Cuba"
"43","CYP",7,"Cyprus"," 22,767 ","Republic of Cyprus","High income: nonOECD","Europe & Central Asia","","Euro area","Euro","2001","","A simple multiplier is used to convert the national currencies of EMU members to euros. The following irrevocable euro conversion rate entered into force on January 1, 2008: 1 euro = 0.585274 Cyprus pounds. Please note that historical data are not actual euros and are not comparable or suitable for aggregation across countries.","",2000,NA,"VAB","",2005,"BPM5","","General","Consolidated","SDDS","","Yes","",2005,2008,2000,"CY","CY","Cyprus","Cyprus"
"44","CZE",139,"Czech Republic"," 196,446 ","Czech Republic","High income: OECD","Europe & Central Asia","","","Czech koruna","2001","RHS, 1993","","2000",1995,1993,"VAB","",2005,"BPM5","","General","Consolidated","SDDS","IS 1996","Yes","2000",2005,2008,2000,"CZ","CZ","Czech Republic","Czech Republic"
"45","DEU",126,"Germany"," 3,428,131 ","Federal Republic of Germany","High income: OECD","Europe & Central Asia","","Euro area","Euro","2001","","A simple multiplier is used to convert the national currencies of EMU members to euros. The following irrevocable euro conversion rate was adopted by the EU Council on January 1, 1999: 1 euro = 1.95583 German mark. Please note that historical data before 1999 are not actual euros and are not comparable or suitable for aggregation across countries.","2000",NA,1993,"VAB","",2005,"BPM5","","Special","Consolidated","SDDS","IHS, 2000","Yes","1999-2000",2004,2008,2000,"DE","DE","Germany","Germany"
"46","DMA",95,"Dominica"," 480 ","Commonwealth of Dominica","Upper middle income","Latin America & Caribbean","Blend","","East Caribbean dollar","2001","","","1990",NA,1993,"VAB","",NA,"BPM5","Actual","General","","GDDS","","Yes","",NA,2008,NA,"DM","DM","Dominica","Dominica"
"47","DNK",119,"Denmark"," 314,887 ","Kingdom of Denmark","High income: OECD","Europe & Central Asia","","","Danish krone","2001","","","2000",NA,1993,"VAB","",2005,"BPM5","","General","Consolidated","SDDS","ITR 1997","Yes","1999-2000",2004,2008,2000,"DK","DK","Denmark","Denmark"
"48","DOM",162,"Dominican Republic"," 59,047 ","Dominican Republic","Upper middle income","Latin America & Caribbean","IBRD","","Dominican peso","2002","DHS, 2007","","1991",NA,NA,"VAB","",NA,"BPM5","Actual","General","Consolidated","GDDS","IHS, 2005","","1971",NA,2008,2000,"DO","DO","Dominican Republic","Dominican Republic"
"49","DZA",135,"Algeria"," 205,789 ","People's Democratic Republic of Algeria","Upper middle income","Middle East & North Africa","IBRD","","Algerian dinar","2008","MICS, 2006","","1980",NA,NA,"VAB","",NA,"BPM5","Actual","Special","Budgetary","GDDS","IHS, 1995","","2001",NA,2007,2000,"DZ","DZ","Algeria","Algeria"
"50","ECU",153,"Ecuador"," 84,040 ","Republic of Ecuador","Lower middle income","Latin America & Caribbean","IBRD","","U.S. dollar","2001","RHS, 2004","","2000",NA,1993,"VAB","",2005,"BPM5","Actual","Special","Budgetary","SDDS","LFS, 2005","","1999-2000",2004,2008,2000,"EC","EC","Ecuador","Ecuador"
"51","EGY",124,"Egypt, Arab Rep."," 262,832 ","Arab Republic of Egypt","Lower middle income","Middle East & North Africa","IBRD","","Egyptian pound","2006","DHS, 2008","Fiscal year end: June 30; reporting period for national accounts data: FY.","1991/1992",NA,NA,"VAB","",2005,"BPM5","Actual","Special","Budgetary","SDDS","ES/BS, 2004-05","Yes","1999-2000",2001,2008,2000,"EG","EG","Egypt, Arab Rep.","Egypt"
"52","ERI",69,"Eritrea"," 3,092 ","State of Eritrea","Low income","Sub-Saharan Africa","IDA","HIPC","Eritrean nakfa","1984","DHS, 2002","","1992",NA,NA,"VAB","",NA,"BPM4","Actual","General","","","","","",2005,2003,2004,"ER","ER","Eritrea","Eritrea"
"53","ESP",37,"Spain"," 1,322,965 ","Kingdom of Spain","High income: OECD","Europe & Central Asia","","Euro area","Euro","2001","","A simple multiplier is used to convert the national currencies of EMU members to euros. The following irrevocable euro conversion rate was adopted by the EU Council on January 1, 1999: 1 euro = 166.386 Spanish peseta. Please note that historical data before 1999 are not actual euros and are not comparable or suitable for aggregation across countries.","2000",NA,1993,"VAB","",2005,"BPM5","","Special","Consolidated","SDDS","IHS, 2000","Yes","1999",2004,2008,2000,"ES","ES","Spain","Spain"
"54","EST",8,"Estonia"," 22,390 ","Republic of Estonia","High income: nonOECD","Europe & Central Asia","","","Estonian kroon","2000","","","2000",NA,1993,"VAB","1987-95",2005,"BPM5","","General","Consolidated","SDDS","ES/BS, 2004","Yes","2001",2005,2008,2000,"EE","EE","Estonia","Estonia"
"55","ETH",176,"Ethiopia"," 41,605 ","Federal Democratic Republic of Ethiopia","Low income","Sub-Saharan Africa","IDA","HIPC","Ethiopian birr","2007","DHS, 2005","Fiscal year end: July 7; reporting period for national accounts data: FY.","1999/2000",NA,1993,"VAB","",2005,"BPM5","Actual","General","Consolidated","GDDS","ES/BS, 2005","","2001-2002",2005,2008,2002,"ET","ET","Ethiopia","Ethiopia"
"56","FIN",130,"Finland"," 247,546 ","Republic of Finland","High income: OECD","Europe & Central Asia","","Euro area","Euro","2000","","A simple multiplier is used to convert the national currencies of EMU members to euros. The following irrevocable euro conversion rate was adopted by the EU Council on January 1, 1999: 1 euro = 5.94573 Finnish markka. Please note that historical data before 1999 are not actual euros and are not comparable or suitable for aggregation across countries.","2000",NA,1993,"VAB","",2005,"BPM5","","General","Consolidated","SDDS","IS, 2000","Yes","1999-2000",2004,2008,2000,"FI","FI","Finland","Finland"
"57","FJI",65,"Fiji"," 3,908 ","Republic of Fiji","Upper middle income","East Asia & Pacific","IBRD","","Fijian dollar","2007","","","1995",NA,NA,"VAB","",2005,"BPM4","Actual","General","Budgetary","GDDS","","Yes","",2003,2007,2000,"FJ","FJ","Fiji","Fiji"
"58","FRA",137,"France"," 2,612,878 ","French Republic","High income: OECD","Europe & Central Asia","","Euro area","Euro","2006 (rolling)","","A simple multiplier is used to convert the national currencies of EMU members to euros. The following irrevocable euro conversion rate was adopted by the EU Council on January 1, 1999: 1 euro = 6.55957 French franc. Please note that historical data before 1999 are not actual euros and are not comparable or suitable for aggregation across countries.","",2000,1993,"VAB","",2005,"BPM5","","Special","Consolidated","SDDS","ES/BS, 1994/95","Yes","1999-2000",2004,2008,2000,"FR","FR","France","France"
"59","FSM",97,"Micronesia, Fed. Sts."," 326 ","Federated States of Micronesia","Lower middle income","East Asia & Pacific","IBRD","","U.S. dollar","2000","","The government statistical office has revised national accounts data for 1995-2008.","1998",NA,NA,"VAB","",NA,"","","","","","","","",NA,NA,NA,"FM","FM","Micronesia, Fed. Sts.","Micronesia"
"60","GAB",14,"Gabon"," 18,377 ","Gabonese Republic","Upper middle income","Sub-Saharan Africa","IBRD","","CFA franc","2003","DHS, 2000","","1991",NA,NA,"VAP","1993",2005,"BPM5","Preliminary","Special","","GDDS","CWIQ/ IHS, 2005","","1974-75",NA,2006,2000,"GA","GA","Gabon","Gabon"
"61","GBR",148,"United Kingdom"," 2,471,784 ","United Kingdom of Great Britain and Northern Ireland","High income: OECD","Europe & Central Asia","","","Pound sterling","2001","","","2000",NA,1993,"VAB","",2005,"BPM5","","General","Consolidated","SDDS","IS, 1999","Yes","1999-2000 (conducted annually)",2004,2008,2000,"GB","GB","United Kingdom","United Kingdom"
"62","GEO",20,"Georgia"," 15,747 ","Georgia","Lower middle income","Europe & Central Asia","Blend","","Georgian lari","2002","MICS, 2005, RHS, 2005","","",1996,1993,"VAB","1990-95",2005,"BPM5","Actual","General","Consolidated","GDDS","IHS, 2007","Yes","2004",2005,2008,2005,"GE","GE","Georgia","Georgia"
"63","GHA",177,"Ghana"," 40,711 ","Republic of Ghana","Low income","Sub-Saharan Africa","IDA","HIPC","New Ghanaian cedi","2000","DHS, 2008","","1975",NA,NA,"VAP","1973-87",2005,"BPM5","Actual","General","Budgetary","GDDS","LSMS, 2006","","1984",2002,2008,2000,"GH","GH","Ghana","Ghana"
"64","GIN",57,"Guinea"," 5,632 ","Republic of Guinea","Low income","Sub-Saharan Africa","IDA","HIPC","Guinean franc","1996","DHS, 2005","","1996",NA,NA,"VAB","",2005,"BPM5","Estimate","Special","Consolidated","GDDS","CWIQ/, 2003","","2000-2001",NA,2008,2000,"GN","GN","Guinea","Guinea"
"65","GMB",87,"Gambia, The"," 917 ","Republic of The Gambia","Low income","Sub-Saharan Africa","IDA","HIPC","Gambian dalasi","2003","MICS, 2005/06","Fiscal year end: June 30; reporting period for national accounts data: CY.","1987",NA,NA,"VAB","",2005,"BPM5","Estimate","General","Consolidated","GDDS","IHS, 2003","","2001-2002",NA,2008,2000,"GM","GM","Gambia, The","The Gambia"
"66","GNB",88,"Guinea-Bissau"," 822 ","Republic of Guinea-Bissau","Low income","Sub-Saharan Africa","IDA","HIPC","CFA franc","2009","MICS, 2006","","1986",NA,NA,"VAB","",2005,"BPM5","Actual","General","","GDDS","CWIQ, 2002","","1988",NA,2005,2000,"GW","GW","Guinea-Bissau","Guinea-Bissau"
"67","GNQ",16,"Equatorial Guinea"," 17,697 ","Republic of Equatorial Guinea","High income: nonOECD","Sub-Saharan Africa","IBRD","","CFA franc","2002","","","2000",NA,NA,"VAB","1965-84",2005,"","","","","","","","",NA,NA,2000,"GQ","GQ","Equatorial Guinea","Equatorial Guinea"
"68","GRC",129,"Greece"," 249,099 ","Hellenic Republic","High income: OECD","Europe & Central Asia","","Euro area","Euro","2001","","A simple multiplier is used to convert the national currencies of EMU members to euros. The following irrevocable euro conversion rate was adopted by the EU Council on January 1, 1999: 1 euro = 340.75 Greek drachma. Please note that historical data before 1999 are not actual euros and are not comparable or suitable for aggregation across countries.","",2000,NA,"VAB","",2005,"BPM5","","Special","Consolidated","SDDS","IHS, 2000","Yes","1999-2000",2003,2008,2000,"GR","GR","Greece","Greece"
"69","GRD",90,"Grenada"," 767 ","Grenada","Upper middle income","Latin America & Caribbean","Blend","","East Caribbean dollar","2001","","","1990",NA,NA,"VAB","",NA,"BPM5","Actual","General","Budgetary","GDDS","","","",NA,2008,NA,"GD","GD","Grenada","Grenada"
"70","GTM",167,"Guatemala"," 50,234 ","Republic of Guatemala","Lower middle income","Latin America & Caribbean","IBRD","","Guatemalan quetzal","2002","RHS, 2002","The government has revised national accounts data to conform to the 1993 SNA methodology. The new base year is 2001.","2001",NA,1993,"VAB","",NA,"BPM5","Actual","Special","Budgetary","GDDS","LSMS, 2006","Yes","2003",NA,2008,2000,"GT","GT","Guatemala","Guatemala"
"71","GUY",71,"Guyana"," 2,851 ","Republic of Guyana","Lower middle income","Latin America & Caribbean","IDA","HIPC","Guyana dollar","2002","MICS, 2006","","1988",NA,NA,"VAB","",NA,"BPM5","Actual","Special","","","IHS, 1998","","",NA,2008,2000,"GY","GY","Guyana","Guyana"
"72","HKG",123,"Hong Kong SAR, China"," 263,259 ","Hong Kong Special Administrative Region of the People's Republic of China","High income: nonOECD","East Asia & Pacific","","","Hong Kong dollar","2006","","On 1 July 1997 China resumed its exercise of sovereignty over Hong Kong. Unless otherwise noted, data for China do not include data for Hong Kong SAR, China; Macao SAR, China; or Taiwan, China.","2006",NA,1993,"VAB","",2005,"BPM5","","General","Consolidated","SDDS","","Yes","",NA,2008,NA,"HK","HK","Hong Kong SAR, China","Hong Kong SAR, China"
"73","HND",13,"Honduras"," 18,434 ","Republic of Honduras","Lower middle income","Latin America & Caribbean","IDA","HIPC","Honduran lempira","2001","DHS, 2005/06","","2000",NA,1993,"VAB","1988-89",NA,"BPM5","Actual","Special","Budgetary","GDDS","IHS, 2006","","1993",NA,2007,2000,"HN","HN","Honduras","Honduras"
"74","HRV",161,"Croatia"," 59,228 ","Republic of Croatia","High income: nonOECD","Europe & Central Asia","IBRD","","Croatian kuna","2001","","The Statistical Bureau has revised main GDP aggregates for 1995-2005.","",1997,1993,"VAB","",2005,"BPM5","","General","Consolidated","SDDS","ES/BS, 2005","Yes","2003",NA,2008,NA,"HR","HR","Croatia","Croatia"
"75","HTI",47,"Haiti"," 7,843 ","Republic of Haiti","Low income","Latin America & Caribbean","IDA","HIPC","Haitian gourde","2003","DHS, 2005/06","Fiscal year end: September 30; reporting period for national accounts data: FY. The government has revised national accounts data following changes in the methodology. Current price series since 1991 and constant price series since 1996 have been revised. The new base year is 1986/87.","1986/1987",NA,NA,"VAB","1991",NA,"BPM5","Preliminary","General","","","IHS, 2001","","1971",NA,1997,2000,"HT","HT","Haiti","Haiti"
"76","HUN",146,"Hungary"," 124,600 ","Republic of Hungary","High income: OECD","Europe & Central Asia","","","Hungarian forint","2001","","","",2000,1993,"VAB","",2005,"BPM5","","Special","Consolidated","SDDS","ES/BS, 2004","Yes","2000",2004,2008,2000,"HU","HU","Hungary","Hungary"
"77","IDN",70,"Indonesia"," 878,043 ","Republic of Indonesia","Lower middle income","East Asia & Pacific","IBRD","","Indonesian rupiah","2000","DHS, 2007","Data for Indonesia include Timor-Leste through 1999 unless otherwise noted. Fiscal year end: March 31; reporting period for national accounts data: CY.","2000",NA,NA,"VAP","",2005,"BPM5","Actual","Special","Consolidated","SDDS","IHS, 2007","","2003",2004,2008,2000,"ID","ID","Indonesia","Indonesia"
"78","IND",4,"India"," 1,841,710 ","Republic of India","Lower middle income","South Asia","Blend","","Indian rupee","2001","DHS, 2005/06","Fiscal year end: March 31; reporting period for national accounts data: FY.","1999/2000",NA,1993,"VAB","",2005,"BPM5","Actual","General","Consolidated","SDDS","IHS, 2004/05","","1995-1996/2000-2001",2003,2008,2000,"IN","IN","India","India"
"79","IRL",133,"Ireland"," 210,771 ","Ireland","High income: OECD","Europe & Central Asia","","Euro area","Euro","2006","","A simple multiplier is used to convert the national currencies of EMU members to euros. The following irrevocable euro conversion rate was adopted by the EU Council on January 1, 1999: 1 euro = 0.787564 Irish pound. Please note that historical data before 1999 are not actual euros and are not comparable or suitable for aggregation across countries.","2000",NA,1993,"VAB","",2005,"BPM5","","General","Consolidated","SDDS","IHS, 2000","Yes","2000",2004,2008,2000,"IE","IE","Ireland","Ireland"
"80","IRN",107,"Iran, Islamic Rep."," 514,060 ","Islamic Republic of Iran","Upper middle income","Middle East & North Africa","IBRD","","Iranian rial","2006","DHS, 2000","Fiscal year end: March 20; reporting period for national accounts data: FY.","1997/1998",NA,NA,"VAB","1980-02",2005,"BPM5","Actual","General","Consolidated","","ES/BS, 2005","Yes","2003",2004,2006,2004,"IR","IR","Iran, Islamic Rep.","Iran"
"81","IRQ",134,"Iraq"," 210,280 ","Republic of Iraq","Lower middle income","Middle East & North Africa","IBRD","","Iraqi dinar","1997","MICS, 2006","","1997",NA,NA,"VAB","1997, 2004",2005,"BPM5","","Special","","GDDS","","","1981",1996,2008,2000,"IQ","IQ","Iraq","Iraq"
"82","ISL",29,"Iceland"," 13,579 ","Republic of Iceland","High income: OECD","Europe & Central Asia","","","Iceland krona","Register based","","","2000",NA,NA,"VAB","",2005,"BPM5","","General","Consolidated","SDDS","","Yes","",2004,2008,2000,"IS","IS","Iceland","Iceland"
"83","ISR",127,"Israel"," 258,217 ","State of Israel","High income: OECD","Middle East & North Africa","","","Israeli new shekel","2008","","","2005",NA,1993,"VAP","",2005,"BPM5","","Special","Consolidated","SDDS","ES/BS, 2001","Yes","1981",2004,2008,2004,"IL","IL","Israel","Israel"
"84","ITA",181,"Italy"," 2,014,670 ","Italian Republic","High income: OECD","Europe & Central Asia","","Euro area","Euro","2001","","A simple multiplier is used to convert the national currencies of EMU members to euros. The following irrevocable euro conversion rate was adopted by the EU Council on January 1, 1999: 1 euro = 1936.27 Italian lira. Please note that historical data before 1999 are not actual euros and are not comparable or suitable for aggregation across countries.","2000",NA,1993,"VAB","",2005,"BPM5","","Special","Consolidated","SDDS","ES/BS, 2000","Yes","2000",2004,2008,2000,"IT","IT","Italy","Italy"
"85","JAM",22,"Jamaica"," 14,755 ","Jamaica","Upper middle income","Latin America & Caribbean","IBRD","","Jamaican dollar","2001","MICS 2005","","2003",NA,NA,"VAB","",NA,"BPM5","Actual","General","Consolidated","GDDS","LSMS, 2004","","1996",NA,2008,2000,"JM","JM","Jamaica","Jamaica"
"86","JOR",184,"Jordan"," 31,015 ","Hashemite Kingdom of Jordan","Lower middle income","Middle East & North Africa","IBRD","","Jordanian dinar","2004","DHS, 2007","","1994",NA,NA,"VAB","",2005,"BPM5","Actual","General","Budgetary","SDDS","ES/BS, 2006","","1997",2005,2008,2005,"JO","JO","Jordan","Jordan"
"87","JPN",115,"Japan"," 5,959,718 ","Japan","High income: OECD","East Asia & Pacific","","","Japanese yen","2005","","Fiscal year end: March 31; reporting period for national accounts data: CY.","2000",NA,NA,"VAB","",2005,"BPM5","","General","Consolidated","SDDS","IS, 1993","Yes","2000",2004,2008,2000,"JP","JP","Japan","Japan"
"88","KAZ",138,"Kazakhstan"," 203,521 ","Republic of Kazakhstan","Upper middle income","Europe & Central Asia","IBRD","","Kazakh tenge","1999","MICS, 2006","","",1995,1993,"VAB","1987-95",2005,"BPM5","Actual","General","Consolidated","SDDS","ES/BS, 2007","Yes","",NA,2008,2000,"KZ","KZ","Kazakhstan","Kazakhstan"
"89","KEN",178,"Kenya"," 40,697 ","Republic of Kenya","Low income","Sub-Saharan Africa","IDA","","Kenyan shilling","1999","DHS, 2003, SPA, 2004","Fiscal year end: June 30; reporting period for national accounts data: CY.","2001",NA,1993,"VAB","",2005,"BPM5","Actual","General","Budgetary","GDDS","IHS, 2005-06","","1977-1979",2005,2008,2003,"KE","KE","Kenya","Kenya"
"90","KGZ",54,"Kyrgyz Republic"," 6,475 ","Kyrgyz Republic","Low income","Europe & Central Asia","IDA","HIPC","Kyrgyz som","2009","MICS 2005/06","","",1995,1993,"VAB","1990-95",2005,"BPM5","Actual","General","Consolidated","SDDS","ES/BS, 2007","Yes","2002",2004,2007,2000,"KG","KG","Kyrgyz Republic","Kyrgyz Republic"
"91","KHM",27,"Cambodia"," 14,038 ","Kingdom of Cambodia","Low income","East Asia & Pacific","IDA","","Cambodian riel","2008","DHS, 2005","","2000",NA,NA,"VAB","",2005,"BPM5","Actual","General","Consolidated","GDDS","IHS, 2007","","",1999,2004,2000,"KH","KH","Cambodia","Cambodia"
"92","KIR",101,"Kiribati"," 175 ","Republic of Kiribati","Lower middle income","East Asia & Pacific","IDA","","Australian dollar","2005","","The government statistical office has revised national accounts data for 1970-2008.","1991",NA,NA,"VAB","",NA,"","","General","","GDDS","","","",NA,2005,NA,"KI","KI","Kiribati","Kiribati"
"93","KNA",90,"St. Kitts and Nevis"," 767 ","St. Kitts and Nevis","Upper middle income","Latin America & Caribbean","IBRD","","East Caribbean dollar","2001","","","1990",NA,1993,"VAB","",NA,"BPM5","Preliminary","General","Consolidated","GDDS","","","",NA,2007,NA,"KN","KN","St. Kitts and Nevis","St. Kitts and Nevis"
"94","KOR",59,"Korea, Rep."," 1,129,598 ","Republic of Korea","High income: OECD","East Asia & Pacific","IBRD","","Korean won","2005","","","2000",NA,1993,"VAB","",2005,"BPM5","","Special","Consolidated","SDDS","ES/BS, 1998","Yes","2000",2005,2008,2000,"KR","KR","Korea, Rep.","Korea"
"95","KSV",55,"Kosovo"," 6,445 ","Republic of Kosovo","Lower middle income","Europe & Central Asia","IDA","","Euro","1981","","Kosovo became a World Bank member on June 29, 2009. Since 1999, Kosovo has been a territory under international administration pursuant to UN Security Council Resolution 1244 (1999).","",NA,NA,"","",NA,"","","","","","","","",NA,NA,NA,"","KV","Kosovo","Kosovo"
"96","KWT",144,"Kuwait"," 160,913 ","State of Kuwait","High income: nonOECD","Middle East & North Africa","","","Kuwaiti dinar","2005","FHS, 1996","Fiscal year end: June 30; reporting period for national accounts data: CY.","1995",NA,NA,"VAP","",2005,"BPM5","","Special","Consolidated","GDDS","","Yes","1970",NA,2007,2002,"KW","KW","Kuwait","Kuwait"
"97","LAO",44,"Lao PDR"," 9,418 ","Lao People's Democratic Republic","Low income","East Asia & Pacific","IDA","","Lao kip","2005","MICS, 2006","","1990",NA,NA,"VAB","",2005,"BPM5","Preliminary","General","","","ES/BS, 2002-03","","1998-1999",1998,1975,2000,"LA","LA","Lao PDR","Lao PDR"
"98","LBN",174,"Lebanon"," 42,945 ","Lebanese Republic","Upper middle income","Middle East & North Africa","IBRD","","Lebanese pound","1970","MICS, 2000","The government has revised national accounts data for 1997-2007. The new base year is 1997.","1997",NA,NA,"VAB","",2005,"BPM5","Actual","General","Budgetary","GDDS","","","1998-1999",1997,2008,2005,"LB","LB","Lebanon","Lebanon"
"99","LBR",79,"Liberia"," 1,734 ","Republic of Liberia","Low income","Sub-Saharan Africa","IDA","HIPC","Liberian dollar","2008","DHS, 2007, MIS, 2008/09","","1992",NA,NA,"VAP","",2005,"BPM5","Estimate","","","GDDS","CWIQ 2007","","",NA,1985,2000,"LR","LR","Liberia","Liberia"
"100","LCA",83,"St. Lucia"," 1,239 ","St. Lucia","Upper middle income","Latin America & Caribbean","Blend","","East Caribbean dollar","2001","","The government has revised national accounts data for 1998-2008.","1990",NA,NA,"VAB","",NA,"BPM5","Actual","General","","GDDS","IHS, 1995","Yes","",NA,2008,NA,"LC","LC","St. Lucia","St. Lucia"
"101","LKA",160,"Sri Lanka"," 59,423 ","Democratic Socialist Republic of Sri Lanka","Lower middle income","South Asia","IDA","","Sri Lankan rupee","2001","DHS, 1987","","2002",NA,NA,"VAP","",2005,"BPM5","Actual","General","Budgetary","GDDS","ES/BS, 2002","Yes","2002",2005,2008,2000,"LK","LK","Sri Lanka","Sri Lanka"
"102","LSO",74,"Lesotho"," 2,448 ","Kingdom of Lesotho","Lower middle income","Sub-Saharan Africa","IDA","","Lesotho loti","2006","DHS, 2004","Fiscal year end: March 31; reporting period for national accounts data: CY.","1995",NA,1993,"VAB","",2005,"BPM5","Actual","General","Consolidated","GDDS","ES/BS, 2002-03","","1999-2000",NA,2004,2000,"LS","LS","Lesotho","Lesotho"
"103","LTU",175,"Lithuania"," 42,344 ","Republic of Lithuania","Upper middle income","Europe & Central Asia","","","Lithuanian litas","2001","","","2000",NA,1993,"VAB","1990-95",2005,"BPM5","Actual","General","Consolidated","SDDS","ES/BS, 2004","Yes","2003",2005,2008,2000,"LT","LT","Lithuania","Lithuania"
"104","LUX",164,"Luxembourg"," 55,178 ","Grand Duchy of Luxembourg","High income: OECD","Europe & Central Asia","","Euro area","Euro","2001","","A simple multiplier is used to convert the national currencies of EMU members to euros. The following irrevocable euro conversion rate was adopted by the EU Council on January 1, 1999: 1 euro = 40.3399 Luxembourg franc. Please note that historical data before 1999 are not actual euros and are not comparable or suitable for aggregation across countries.","",2000,NA,"VAB","",2005,"BPM5","","Special","Consolidated","SDDS","","Yes","1999-2000 (conducted annually)",2004,2008,NA,"LU","LU","Luxembourg","Luxembourg"
"105","LVA",186,"Latvia"," 28,373 ","Republic of Latvia","High income: nonOECD","Europe & Central Asia","","","Latvian lats","2000","","","2000",NA,1993,"VAB","1987-95",2005,"BPM5","Actual","Special","Consolidated","SDDS","IHS, 2007","Yes","2001",2005,2008,2000,"LV","LV","Latvia","Latvia"
"106","MAC",173,"Macao SAR, China"," 43,582 ","Macao Special Administrative Region of the People's Republic of China","High income: nonOECD","East Asia & Pacific","","","Macao pataca","2006","","On 20 December 1999 China resumed its exercise of sovereignty over Macao. Unless otherwise noted, data for China do not include data for Hong Kong SAR, China; Macao SAR, China; or Taiwan, China.","2002",NA,NA,"VAB","",2005,"BPM5","","General","Consolidated","GDDS","","Yes","",NA,2008,NA,"MO","MO","Macao SAR, China","Macao SAR, China"
"107","MAR",151,"Morocco"," 95,982 ","Kingdom of Morocco","Lower middle income","Middle East & North Africa","IBRD","","Moroccan dirham","2004","MICS, 2006","","1998",NA,NA,"VAB","",2005,"BPM5","Actual","Special","Consolidated","SDDS","ES/BS, 2007","","1996",2005,2008,2000,"MA","MA","Morocco","Morocco"
"108","MCO",56,"Monaco"," 6,075 ","Principality of Monaco","High income: nonOECD","Europe & Central Asia","","","Euro","2008","","","",NA,NA,"","",NA,"","","","","","","","",NA,NA,NA,"MC","MC","Monaco","Monaco"
"109","MDA",50,"Moldova"," 7,253 ","Republic of Moldova","Lower middle income","Europe & Central Asia","IDA","","Moldovan leu","2004","DHS, 2005","","",1996,1993,"VAB","1990-95",2005,"BPM5","Actual","General","Consolidated","SDDS","ES/BS, 2007","Yes","",2004,2008,2000,"MD","MD","Moldova","Moldova"
"110","MDG",40,"Madagascar"," 9,975 ","Republic of Madagascar","Low income","Sub-Saharan Africa","IDA","HIPC","Malagasy ariary","1993","DHS, 2003/04","","1984",NA,NA,"VAB","",2005,"BPM5","Actual","Special","Consolidated","GDDS","PS 2005","","2004",2005,2008,2000,"MG","MG","Madagascar","Madagascar"
"111","MDV",75,"Maldives"," 2,222 ","Republic of Maldives","Lower middle income","South Asia","IDA","","Maldivian rufiyaa","2006","MICS, 2001","National accounts data for 2001-08 have been revised to reflect a change in source from the Asian Development Bank to the Maldives Planning Department.","1995",NA,NA,"VAB","",2005,"BPM5","Actual","General","Consolidated","","","Yes","",NA,2008,NA,"MV","MV","Maldives","Maldives"
"112","MEX",48,"Mexico"," 1,178,126 ","United Mexican States","Upper middle income","Latin America & Caribbean","IBRD","","Mexican peso","2005","ENPF, 1995","","2003",NA,1993,"VAB","",2005,"BPM5","Actual","General","Consolidated","SDDS","LFS, 2008","","1991",1999,2008,2000,"MX","MX","Mexico","Mexico"
"113","MHL",100,"Marshall Islands"," 182 ","Republic of the Marshall Islands","Lower middle income","East Asia & Pacific","IBRD","","U.S. dollar","1999","","","1991",NA,NA,"VAB","",NA,"","","","","","","","",NA,NA,NA,"MH","MH","Marshall Islands","Marshall Islands"
"114","MKD",43,"Macedonia, FYR"," 9,613 ","Former Yugoslav Republic of Macedonia","Upper middle income","Europe & Central Asia","IBRD","","Macedonian denar","2002","MICS, 2005","","1997",1995,1993,"VAB","",2005,"BPM5","Actual","General","","GDDS","ES/BS, 2006","Yes","1994",2000,2008,NA,"MK","MK","Macedonia, FYR","Macedonia"
"115","MLI",36,"Mali"," 10,308 ","Republic of Mali","Low income","Sub-Saharan Africa","IDA","HIPC","CFA franc","1998","DHS, 2006","","1987",NA,NA,"VAB","",2005,"BPM4","Actual","General","Budgetary","GDDS","IHS, 2006","","1984",NA,2008,2000,"ML","ML","Mali","Mali"
"116","MLT",45,"Malta"," 8,722 ","Republic of Malta","High income: nonOECD","Middle East & North Africa","","Euro area","Euro (data reported in Maltese liri)","2005","","","1973",NA,NA,"VAB","",2005,"BPM5","","General","Consolidated","SDDS","","Yes","2001",2004,2008,2000,"MT","MT","Malta","Malta"
"117","MNE",61,"Montenegro"," 4,373 ","Montenegro","Upper middle income","Europe & Central Asia","IBRD","","Euro","2003","MICS, 2005/06","Montenegro declared independence from Serbia and Montenegro on June 3, 2006. Where available, data for each country are shown separately. However, for Serbia, some indicators continue to include data for Montenegro through 2005.","2000",NA,1993,"VAB","",2005,"","Actual","","","","ES/BS 2007","Yes","",NA,NA,NA,"ME","ME","Montenegro","Montenegro"
"118","MNG",38,"Mongolia"," 10,271 ","Mongolia","Lower middle income","East Asia & Pacific","IDA","","Mongolian tugrik","2000","MICS, 2005","","2005",NA,1993,"VAB","",2005,"BPM5","Estimate","Special","Consolidated","GDDS","LSMS, 2006-08","Yes","",1999,2007,2000,"MN","MN","Mongolia","Mongolia"
"119","MOZ",24,"Mozambique"," 14,244 ","Republic of Mozambique","Low income","Sub-Saharan Africa","IDA","HIPC","New Mozambican metical","2007","DHS, 2003","","2003",NA,NA,"VAB","1992-95",2005,"BPM5","Actual","Special","","GDDS","ES/BS, 2002/03","","1999-2000",NA,2008,2000,"MZ","MZ","Mozambique","Mozambique"
"120","MRT",64,"Mauritania"," 4,199 ","Islamic Republic of Mauritania","Low income","Sub-Saharan Africa","IDA","HIPC","Mauritanian ouguiya","2000","MICS, 2007","","1998",NA,NA,"VAB","",2005,"BPM4","Actual","General","","GDDS","IHS, 2000","","1984-1985",NA,2008,2000,"MR","MR","Mauritania","Mauritania"
"121","MUS",34,"Mauritius"," 10,486 ","Republic of Mauritius","Upper middle income","Sub-Saharan Africa","IBRD","","Mauritian rupee","2000","","National accounts now reflect fiscal year data rather than calendar year data. The new base year is 2006.","2006",NA,NA,"VAB","",2005,"BPM5","Actual","General","Consolidated","GDDS","","Yes","",2003,2008,2003,"MU","MU","Mauritius","Mauritius"
"122","MWI",62,"Malawi"," 4,264 ","Republic of Malawi","Low income","Sub-Saharan Africa","IDA","HIPC","Malawi kwacha","2008","MICS 2006","Fiscal year end: March 31; reporting period for national accounts data: CY.","1994",NA,NA,"VAB","",2005,"BPM5","Actual","General","","GDDS","LSMS, 2004-05","","1993",2000,2008,2000,"MW","MW","Malawi","Malawi"
"123","MYS",120,"Malaysia"," 305,033 ","Malaysia","Upper middle income","East Asia & Pacific","IBRD","","Malaysian ringgit","2000","","","2000",NA,NA,"VAP","",2005,"BPM5","Estimate","General","Consolidated","SDDS","ES/BS, 2004","Yes","",2004,2008,2000,"MY","MY","Malaysia","Malaysia"
"124","NAM",30,"Namibia"," 13,072 ","Republic of Namibia","Upper middle income","Sub-Saharan Africa","IBRD","","Namibian dollar","2001","DHS, 2006/07","Fiscal year end: March 31; reporting period for national accounts data: CY. The government has revised national accounts data since 2000. The new base year is 2004/05.","2004/2005",NA,1993,"VAB","",2005,"BPM5","","General","Budgetary","GDDS","ES/BS, 1993/94","","1996-1997",NA,2008,2000,NA,NA,"Namibia","Namibia"
"125","NER",53,"Niger"," 6,773 ","Republic of Niger","Low income","Sub-Saharan Africa","IDA","HIPC","CFA franc","2001","DHS/MICS, 2006","","1987",NA,NA,"VAP","1993",2005,"BPM5","Preliminary","Special","","GDDS","QWIC/PS 2005","","1980",NA,2008,2000,"NE","NE","Niger","Niger"
"126","NGA",125,"Nigeria"," 262,597 ","Federal Republic of Nigeria","Lower middle income","Sub-Saharan Africa","IDA","","Nigerian naira","2006","DHS, 2008","","2002",NA,NA,"VAB","1971-98",2005,"BPM5","Preliminary","General","","GDDS","IHS, 2003-04","","1960",NA,2008,2000,"NG","NG","Nigeria","Nigeria"
"127","NIC",33,"Nicaragua"," 10,507 ","Republic of Nicaragua","Lower middle income","Latin America & Caribbean","IDA","HIPC","Nicaraguan gold cordoba","2005","RHS, 2006/07","","1994",NA,1993,"VAB","1965-95",NA,"BPM5","Actual","Special","Budgetary","GDDS","LSMS, 2005","","2001",NA,2007,2000,"NI","NI","Nicaragua","Nicaragua"
"128","NLD",91,"Netherlands"," 770,555 ","Kingdom of the Netherlands","High income: OECD","Europe & Central Asia","","Euro area","Euro","2001","","A simple multiplier is used to convert the national currencies of EMU members to euros. The following irrevocable euro conversion rate was adopted by the EU Council on January 1, 1999: 1 euro = 2.20371 Netherlands guilder. Please note that historical data before 1999 are not actual euros and are not comparable or suitable for aggregation across countries.","",2000,1993,"VAB","",2005,"BPM5","","Special","Consolidated","SDDS","IHS, 1999","Yes","1999-2000 (conducted annually)",2004,2008,NA,"NL","NL","Netherlands","Netherlands"
"129","NOR",108,"Norway"," 499,667 ","Kingdom of Norway","High income: OECD","Europe & Central Asia","","","Norwegian krone","2001","","","",2000,1993,"VAB","",2005,"BPM5","","General","Consolidated","SDDS","IS, 2000","Yes","1999",2003,2008,2000,"NO","NO","Norway","Norway"
"130","NPL",12,"Nepal"," 18,963 ","Nepal","Low income","South Asia","IDA","","Nepalese rupee","2001","DHS, 2006","Fiscal year end: July 14; reporting period for national accounts data: FY.","2000/2001",NA,NA,"VAB","",2005,"BPM5","Actual","Special","Consolidated","GDDS","LSMS, 2003/04","","2002",2001,2002,2000,"NP","NP","Nepal","Nepal"
"131","NZL",143,"New Zealand"," 167,347 ","New Zealand","High income: OECD","East Asia & Pacific","","","New Zealand dollar","2006","","Fiscal year end: March 31; reporting period for national accounts data: FY.","2000/2001",NA,NA,"VAB","",2005,"BPM5","","General","Consolidated","","IS, 1997","Yes","2002",2003,2008,2000,"NZ","NZ","New Zealand","New Zealand"
"132","OMN",155,"Oman"," 69,972 ","Sultanate of Oman","High income: nonOECD","Middle East & North Africa","","","Rial Omani","2003","FHS, 1995","","1988",NA,NA,"VAP","",2005,"BPM5","","General","Budgetary","GDDS","","","1978-1979",2005,2008,2003,"OM","OM","Oman","Oman"
"133","PAK",131,"Pakistan"," 225,143 ","Islamic Republic of Pakistan","Lower middle income","South Asia","Blend","","Pakistani rupee","1998","DHS, 2006/07","Fiscal year end: June 30; reporting period for national accounts data: FY.","1999/2000",NA,1993,"VAB","",2005,"BPM5","Actual","General","Consolidated","GDDS","LSMS, 2004/05","","2000",NA,2008,2000,"PK","PK","Pakistan","Pakistan"
"134","PAN",180,"Panama"," 36,253 ","Republic of Panama","Upper middle income","Latin America & Caribbean","IBRD","","Panamanian balboa","2000","LSMS, 2003","","1996",NA,1993,"VAB","",NA,"BPM5","Actual","Special","Consolidated","GDDS","LFS, 2006","","2001",2000,2008,2000,"PA","PA","Panama","Panama"
"135","PER",136,"Peru"," 203,790 ","Republic of Peru","Upper middle income","Latin America & Caribbean","IBRD","","Peruvian new sol","2007","DHS, 2007/08","","1994",NA,NA,"VAB","1985-90",2005,"BPM5","Actual","Special","Consolidated","SDDS","LSMS, 2007","","1994",2006,2008,2000,"PE","PE","Peru","Peru"
"136","PHL",128,"Philippines"," 250,182 ","Republic of the Philippines","Lower middle income","East Asia & Pacific","IBRD","","Philippine peso","2007","DHS, 2008","","1985",NA,NA,"VAP","",2005,"BPM5","Actual","General","Budgetary","SDDS","ES/BS, 2006","Yes","2002",2004,2008,2000,"PH","PH","Philippines","Philippines"
"137","PLW",99,"Palau"," 228 ","Republic of Palau","Upper middle income","East Asia & Pacific","IBRD","","U.S. dollar","2005","","","1995",NA,NA,"VAB","",NA,"","","","","","","Yes","",NA,NA,NA,"PW","PW","Palau","Palau"
"138","PNG",21,"Papua New Guinea"," 15,654 ","The Independent State of Papua New Guinea","Lower middle income","East Asia & Pacific","Blend","","Papua New Guinea kina","2000","DHS, 1996","","1998",NA,NA,"VAB","1989",NA,"BPM5","Actual","General","Budgetary","","IHS, 1996","","",NA,2004,2000,"PG","PG","Papua New Guinea","Papua New Guinea"
"139","POL",109,"Poland"," 489,795 ","Republic of Poland","High income: OECD","Europe & Central Asia","IBRD","","Polish zloty","2002","","","",2002,1993,"VAB","",2005,"BPM5","Actual","Special","Consolidated","SDDS","ES/BS, 2005","Yes","1996/2002",2004,2008,2000,"PL","PL","Poland","Poland"
"140","PRI",150,"Puerto Rico"," 101,496 ","Puerto Rico","High income: nonOECD","Latin America & Caribbean","","","U.S. dollar","2000","RHS, 1995/96","Fiscal year end: June 30; reporting period for national accounts data: FY.","1954",NA,NA,"VAP","",NA,"","","General","","","","Yes","1997/2002",NA,NA,NA,"PR","PR","Puerto Rico","Puerto Rico"
"141","PRT",132,"Portugal"," 212,274 ","Portuguese Republic","High income: OECD","Europe & Central Asia","","Euro area","Euro","2001","","A simple multiplier is used to convert the national currencies of EMU members to euros. The following irrevocable euro conversion rate was adopted by the EU Council on January 1, 1999: 1 euro = 200.482 Portuguese escudo. Please note that historical data before 1999 are not actual euros and are not comparable or suitable for aggregation across countries.","2000",NA,1993,"VAB","",2005,"BPM5","","Special","Consolidated","SDDS","IS, 1997","Yes","1999",2004,2008,2000,"PT","PT","Portugal","Portugal"
"142","PRY",189,"Paraguay"," 25,502 ","Republic of Paraguay","Lower middle income","Latin America & Caribbean","IBRD","","Paraguayan guarani","2002","RHS, 2004","","1994",NA,NA,"VAP","",2005,"BPM5","Actual","Special","Consolidated","GDDS","IHS, 2007","","1991",NA,2008,2000,"PY","PY","Paraguay","Paraguay"
"143","QAT",142,"Qatar"," 171,476 ","State of Qatar","High income: nonOECD","Middle East & North Africa","","","Qatari riyal","2004","","","2001",NA,NA,"VAP","",2005,"","","General","Budgetary","GDDS","","Yes","2000-2001",2005,2008,2005,"QA","QA","Qatar","Qatar"
"144","ROM",140,"Romania"," 192,711 ","Romania","Upper middle income","Europe & Central Asia","IBRD","","New Romanian leu","2002","RHS, 1999","","",2005,1993,"VAB","1987-89, 1992",2005,"BPM5","Actual","Special","Consolidated","SDDS","LFS, 2007","Yes","2002",2005,2008,2000,"RO","RO","Romania","Romania"
"145","RUS",170,"Russian Federation"," 2,014,775 ","Russian Federation","Upper middle income","Europe & Central Asia","IBRD","","Russian ruble","2002","RHS, 1996","","2000",NA,1993,"VAB","1987-95",2005,"BPM5","Preliminary","General","Consolidated","SDDS","IHS, 2007","Yes","1994-95",2005,2008,2000,"RU","RU","Russian Federation","Russia"
"146","RWA",51,"Rwanda"," 7,103 ","Republic of Rwanda","Low income","Sub-Saharan Africa","IDA","HIPC","Rwandan franc","2002","DHS, 2007/08","","1995",NA,NA,"VAP","1994",2005,"BPM5","Estimate","General","Consolidated","GDDS","IHS, 2000","","1984",1998,2008,2000,"RW","RW","Rwanda","Rwanda"
"147","SAU",102,"Saudi Arabia"," 711,050 ","Kingdom of Saudi Arabia","High income: nonOECD","Middle East & North Africa","","","Saudi Arabian riyal","2004","Demographic survey, 2007","","1999",NA,NA,"VAP","",2005,"BPM4","","General","","GDDS","","","1999",2005,2007,2006,"SA","SA","Saudi Arabia","Saudi Arabia"
"148","SDN",163,"Sudan"," 58,769 ","Republic of the Sudan","Lower middle income","Sub-Saharan Africa","IDA","HIPC","Sudanese pound","2008","MICS-PAPFAM 2006","","1981/82 (Reporting period switch from fiscal year to calendar year from 1996. Pre-1996 data converted to calendar year.)",1996,NA,"VAB","",2005,"BPM5","Actual","General","Budgetary","GDDS","","","",2000,2008,2000,"SD","SD","Sudan","Sudan"
"149","SEN",25,"Senegal"," 14,046 ","Republic of Senegal","Lower middle income","Sub-Saharan Africa","IDA","HIPC","CFA franc","2002","DHS, 2005, MIS, 2008-09","","1999",1987,1993,"VAB","",2005,"BPM5","Actual","Special","Budgetary","GDDS","PS 2005","","1998-1999",2001,2008,2002,"SN","SN","Senegal","Senegal"
"150","SGP",121,"Singapore"," 274,701 ","Republic of Singapore","High income: nonOECD","East Asia & Pacific","","","Singapore dollar","2000","General  household, 2005","Fiscal year end: March 31; reporting period for national accounts data: CY.","2000",NA,1993,"VAB","",2005,"BPM5","","General","Consolidated","SDDS","","Yes","",2005,2008,NA,"SG","SG","Singapore","Singapore"
"151","SLB",86,"Solomon Islands"," 1,008 ","Solomon Islands","Low income","East Asia & Pacific","IDA","","Solomon Islands dollar","1999","","","2004",NA,NA,"VAB","",NA,"BPM5","Actual","","","","","","",NA,2007,NA,"SB","SB","Solomon Islands","Solomon Islands"
"152","SLE",67,"Sierra Leone"," 3,796 ","Republic of Sierra Leone","Low income","Sub-Saharan Africa","IDA","HIPC","Sierra Leonean leone","2004","DHS 2008","Fiscal year end: June 30; reporting period for national accounts data: CY.","1990",NA,1993,"VAB","",2005,"BPM5","Preliminary","Special","Budgetary","GDDS","IHS, 2003","","1984-1985",NA,2002,2000,"SL","SL","Sierra Leone","Sierra Leone"
"153","SLV",5,"El Salvador"," 23,864 ","Republic of El Salvador","Lower middle income","Latin America & Caribbean","IBRD","","U.S. dollar","2007","RHS, 2008","","1990",NA,NA,"VAB","",NA,"BPM5","Actual","Special","Consolidated","SDDS","IHS, 2007","Yes","1970-71",NA,2008,2000,"SV","SV","El Salvador","El Salvador"
"154","SRB",179,"Serbia"," 37,489 ","Republic of Serbia","Upper middle income","Europe & Central Asia","IBRD","","Serbian dinar","2002","MICS, 2005-06","Montenegro declared independence from Serbia and Montenegro on June 3, 2006. Where available, data for each country are shown separately. However, for Serbia, some indicators, such as those series for which data appear only for Serbia and not Montenegro--e.g., aid, environment, external debt, balance of payments, various social indicators excluding population--continue to include data for Montenegro through 2005. Moreover, data from 1999 onward for Serbia for most indicators exclude data for Kosovo, 1999 being the year when Kosovo became a territory under international administration pursuant to UN Security Council Resolution 1244 (1999); any exceptions are noted. Kosovo became a World Bank member on June 29, 2009; available data are shown separately for Kosovo. The Statistical Bureau of Serbia has revised current and constant GDP for 1997-2006.","",2002,1993,"VAB","",2005,"","Actual","Special","Consolidated","GDDS","","Yes","",NA,2008,NA,"RS","YF","Serbia","Serbia"
"155","STP",98,"São Tomé and Principe"," 263 ","Democratic Republic of São Tomé and Principe","Lower middle income","Sub-Saharan Africa","IDA","HIPC","São Tomé and Principe dobra","2001","","","2001",NA,NA,"VAP","",2005,"","Preliminary","Special","","GDDS","PS 2000-01","","",NA,2008,NA,"ST","ST","São Tomé and Principe","São Tomé and Principe"
"156","SUR",60,"Suriname"," 5,012 ","Republic of Suriname","Upper middle income","Latin America & Caribbean","IBRD","","Suriname dollar","2004","MICS, 2000","","1990",NA,1993,"VAB","",NA,"BPM5","","General","","GDDS","ES/BS, 1999","Yes","",NA,2008,2000,"SR","SR","Suriname","Suriname"
"157","SVK",152,"Slovak Republic"," 91,149 ","Slovak Republic","High income: OECD","Europe & Central Asia","","Euro area","Euro","2001","","A simple multiplier is used to convert the national currencies of EMU members to euros. The following irrevocable euro conversion rate entered into force on January 1, 2009: 1 euro = 30.126 Slovak koruna. Please note that historical data are not actual euros and are not comparable or suitable for aggregation across countries.","2000",1995,1993,"VAB","",2005,"BPM5","","General","Consolidated","SDDS","IS, 1996","Yes","2001",2004,2008,NA,"SK","SK","Slovak Republic","Slovak Republic"
"158","SVN",171,"Slovenia"," 45,279 ","Republic of Slovenia","High income: OECD","Europe & Central Asia","","Euro area","Euro","2002","","A simple multiplier is used to convert the national currencies of EMU members to euros. The following irrevocable euro conversion rate entered into force on January 1, 2007: 1 euro = 239.64 Slovenian tolar. Please note that historical data are not actual euros and are not comparable or suitable for aggregation across countries.","",2000,1993,"VAB","",2005,"BPM5","","Special","Consolidated","SDDS","ES/BS, 2004","Yes","2000",2005,2008,NA,"SI","SI","Slovenia","Slovenia"
"159","SWE",106,"Sweden"," 523,806 ","Kingdom of Sweden","High income: OECD","Europe & Central Asia","","","Swedish krona","Register based","","Fiscal year end: June 30; reporting period for national accounts data: CY.","",2000,NA,"VAB","",2005,"BPM5","","General","Consolidated","SDDS","IS, 2000","Yes","1999-2000",2004,2008,2000,"SE","SE","Sweden","Sweden"
"160","SWZ",68,"Swaziland"," 3,744 ","Kingdom of Swaziland","Lower middle income","Sub-Saharan Africa","IBRD","","Swaziland lilangeni","2007","DHS, 2006/07","Fiscal year end: March 31; reporting period for national accounts data: CY.","2000",NA,NA,"VAB","",2005,"","Preliminary","General","Consolidated","GDDS","ES/BS, 2000/01","","2003",NA,2007,2000,"SZ","SZ","Swaziland","Swaziland"
"161","SYC",85,"Seychelles"," 1,129 ","Republic of Seychelles","Upper middle income","Sub-Saharan Africa","IBRD","","Seychelles rupee","2002","","","1986",NA,NA,"VAP","",NA,"BPM5","Actual","General","Consolidated","SDDS","","Yes","1998",NA,2008,2003,"SC","SC","Seychelles","Seychelles"
"162","SYR",154,"Syrian Arab Republic"," 73,672 ","Syrian Arab Republic","Lower middle income","Middle East & North Africa","IBRD","","Syrian pound","2004","MICS, 2006","","2000",NA,NA,"VAB","1970-08",2005,"BPM5","","Special","Consolidated","GDDS","","","1981",NA,2007,2003,"SY","SY","Syrian Arab Republic","Syrian Arab Republic"
"163","TCD",31,"Chad"," 12,887 ","Republic of Chad","Low income","Sub-Saharan Africa","IDA","HIPC","CFA franc","1993","DHS, 2004","","1995",NA,1993,"VAB","",2005,"BPM5","Actual","Special","","GDDS","PS, 2002-03","","",NA,1996,2000,"TD","TD","Chad","Chad"
"164","TGO",66,"Togo"," 3,814 ","Republic of Togo","Low income","Sub-Saharan Africa","IDA","HIPC","CFA franc","1981","MICS, 2006","","1978",NA,NA,"VAP","",2005,"BPM5","Actual","Special","Budgetary","GDDS","CWIQ, 2006","","1996",NA,2007,2002,"TG","TG","Togo","Togo"
"165","THA",117,"Thailand"," 365,966 ","Kingdom of Thailand","Lower middle income","East Asia & Pacific","IBRD","","Thai baht","2000","MICS 2005/06","Fiscal year end: September 30; reporting period for national accounts data: CY.","1988",NA,NA,"VAP","",2005,"BPM5","Estimate","General","Consolidated","SDDS","IHS, 2004","","2003",1999,2008,2000,"TH","TH","Thailand","Thailand"
"166","TJK",52,"Tajikistan"," 6,972 ","Republic of Tajikistan","Low income","Europe & Central Asia","IDA","","Tajik somoni","2000","MICS, 2005","","",2000,1993,"VAB","1990-95",2005,"BPM5","Preliminary","General","Consolidated","GDDS","LSMS, 2004","","1994",NA,2000,2000,"TJ","TJ","Tajikistan","Tajikistan"
"167","TKM",183,"Turkmenistan"," 35,164 ","Turkmenistan","Lower middle income","Europe & Central Asia","IBRD","","New Turkmen manat","1995","MICS,2006","On January 1, 2009, the Turkmen manat was redenominated (1 new manat = 5,000 old manats).","",2007,1993,"VAB","1987-95, 1997-07",NA,"BPM5","Estimate","General","","","LSMS, 1998","Yes","",NA,2000,2000,"TM","TM","Turkmenistan","Turkmenistan"
"168","TMP",82,"Timor-Leste"," 1,293 ","Democratic Republic of Timor-Leste","Lower middle income","East Asia & Pacific","IDA","","U.S. dollar","2004","DGHS, 2003","","2000",NA,NA,"VAP","",NA,"","","","","","LSMS, 2007","","",NA,2005,NA,"TL","TP","Timor-Leste","Timor-Leste"
"169","TON",96,"Tonga"," 472 ","Kingdom of Tonga","Lower middle income","East Asia & Pacific","IDA","","Tongan pa'anga","2006","","","2000/2001",NA,NA,"VAB","",NA,"BPM5","Actual","","","GDDS","","Yes","2001",NA,2007,NA,"TO","TO","Tonga","Tonga"
"170","TTO",6,"Trinidad and Tobago"," 23,320 ","Republic of Trinidad and Tobago","High income: nonOECD","Latin America & Caribbean","IBRD","","Trinidad and Tobago dollar","2000","MICS, 2006","","2000",NA,1993,"VAB","",NA,"BPM5","","Special","Consolidated","GDDS","IHS, 1992","Yes","2004",2005,2008,2000,"TT","TT","Trinidad and Tobago","Trinidad and Tobago"
"171","TUN",169,"Tunisia"," 45,662 ","Republic of Tunisia","Lower middle income","Middle East & North Africa","IBRD","","Tunisian dinar","2004","MICS, 2006","","1990",NA,NA,"VAP","",2005,"BPM5","Actual","General","Consolidated","SDDS","IHS, 2000","","2004",NA,2008,2000,"TN","TN","Tunisia","Tunisia"
"172","TUR",81,"Turkey"," 789,257 ","Republic of Turkey","Upper middle income","Europe & Central Asia","IBRD","","New Turkish lira","2000","DHS, 2003","","1998",NA,NA,"VAB","",2005,"BPM5","Actual","Special","Budgetary","SDDS","LFS, 2006","","2001",2000,2008,2003,"TR","TR","Turkey","Turkey"
"173","TUV",103,"Tuvalu"," 40 ","Tuvalu","Lower middle income","East Asia & Pacific","","","Australian dollar","","","","",NA,NA,"","",NA,"","","","","","","","",NA,NA,NA,"TV","TV","Tuvalu","Tuvalu"
"174","TZA",187,"Tanzania"," 28,242 ","United Republic of Tanzania","Low income","Sub-Saharan Africa","IDA","HIPC","Tanzanian shilling","2002","DHS, 2004/05, AIS, 2007/08","","1992",NA,NA,"VAB","",2005,"BPM5","Actual","Special","","GDDS","ES/BS, 2000/01","","2002-2003",NA,2007,2002,"TZ","TZ","Tanzania","Tanzania"
"175","UGA",11,"Uganda"," 19,881 ","Republic of Uganda","Low income","Sub-Saharan Africa","IDA","HIPC","Ugandan shilling","2002","DHS, 2006, SPA, 2007","Fiscal year end: June 30; reporting period for national accounts data: FY.","2001/2002",NA,NA,"VAB","",2005,"BPM5","Actual","General","Budgetary","GDDS","PS, 2005","","1991",2001,2008,NA,"UG","UG","Uganda","Uganda"
"176","UKR",141,"Ukraine"," 176,309 ","Ukraine","Lower middle income","Europe & Central Asia","IBRD","","Ukrainian hryvnia","2001","DHS, 2007","","",2003,1993,"VAB","1987-95",2005,"BPM5","Actual","General","Consolidated","SDDS","ES/BS, 2008","Yes","",NA,2008,2000,"UA","UA","Ukraine","Ukraine"
"177","URY",168,"Uruguay"," 49,920 ","Oriental Republic of Uruguay","Upper middle income","Latin America & Caribbean","IBRD","","Uruguayan peso","2004","","The government has revised national accounts data for 1997-2008. The new base year is 2005.","2005",NA,NA,"VAB","",2005,"BPM5","Actual","Special","Consolidated","SDDS","IHS, 2007","Yes","2000",2004,2008,2000,"UY","UY","Uruguay","Uruguay"
"178","USA",3,"United States"," 16,244,600 ","United States of America","High income: OECD","North America","","","U.S. dollar","2000","CPS (monthly)","Fiscal year end: September 30; reporting period for national accounts data: CY.","",2000,NA,"VAB","",2005,"BPM5","","General","Consolidated","SDDS","LFS 2000","Yes","1997/2002",2004,2008,2000,"US","US","United States","United States"
"179","UZB",165,"Uzbekistan"," 51,113 ","Republic of Uzbekistan","Lower middle income","Europe & Central Asia","Blend","","Uzbek sum","1989","MICS, 2006","","",1997,1993,"VAB","1990-95",NA,"BPM5","Actual","General","","","ES/BS, 2003","Yes","",NA,NA,2000,"UZ","UZ","Uzbekistan","Uzbekistan"
"180","VCT",92,"St. Vincent and the Grenadines"," 713 ","St. Vincent and the Grenadines","Upper middle income","Latin America & Caribbean","Blend","","East Caribbean dollar","2001","","","1990",NA,NA,"VAB","",NA,"BPM5","Preliminary","General","Consolidated","GDDS","","Yes","",NA,2008,NA,"VC","VC","St. Vincent and the Grenadines","St. Vincent and the Grenadines"
"181","VEN",114,"Venezuela, RB"," 381,286 ","República Bolivariana de Venezuela","Upper middle income","Latin America & Caribbean","IBRD","","Venezuelan bolivar fuerte","2001","MICS, 2000","","1997",NA,NA,"VAB","",2005,"BPM5","Actual","General","Consolidated","GDDS","IHS, 2003","Yes","1997",NA,2008,NA,"VE","VE","Venezuela, RB","Venezuela"
"182","VNM",145,"Vietnam"," 155,820 ","Socialist Republic of Vietnam","Lower middle income","East Asia & Pacific","Blend","","Vietnamese dong","2009","MICS, 2006","","1994",NA,1993,"VAP","1991",2005,"BPM4","Estimate","General","Consolidated","GDDS","IHS, 2006","","2001",1999,2008,2000,"VN","VN","Vietnam","Vietnam"
"183","VUT",89,"Vanuatu"," 787 ","Republic of Vanuatu","Lower middle income","East Asia & Pacific","IDA","","Vanuatu vatu","2009","","","1983",NA,NA,"VAP","",NA,"BPM5","Estimate","","Consolidated","GDDS","","","",NA,2007,NA,"VU","VU","Vanuatu","Vanuatu"
"184","WSM",93,"Samoa"," 684 ","Samoa","Lower middle income","East Asia & Pacific","IDA","","Samoan tala","2006","","","2002",NA,NA,"VAB","",NA,"BPM5","Preliminary","General","","","","","1999",NA,2008,NA,"WS","WS","Samoa","Samoa"
"185","YEM",182,"Yemen, Rep."," 35,646 ","Republic of Yemen","Lower middle income","Middle East & North Africa","IDA","","Yemeni rial","2004","MICS, 2006","","1990",NA,NA,"VAP","1990-96",2005,"BPM5","Actual","General","Budgetary","GDDS","ES/BS, 2005","","2002",2005,2008,2000,"YE","RY","Yemen, Rep.","Yemen"
"186","ZAF",113,"South Africa"," 384,313 ","Republic of South Africa","Upper middle income","Sub-Saharan Africa","IBRD","","South African rand","2001","DHS, 2003","Fiscal year end: March 31; reporting period for national accounts data: CY.","2000",NA,1993,"VAB","",2005,"BPM5","Preliminary","General","Consolidated","SDDS","ES/BS, 2000","","2000",2005,2008,2000,"ZA","ZA","South Africa","South Africa"
"187","ZAR",18,"Congo, Dem. Rep."," 17,204 ","Democratic Republic of the Congo","Low income","Sub-Saharan Africa","IDA","HIPC","Congolese franc","1984","DHS 2007","","1987",NA,1993,"VAB","1999-01",2005,"BPM5","Estimate","Special","Consolidated","GDDS","1-2-3, 2005-06","","1990",NA,1986,2000,"CD","ZR","Congo, Dem. Rep.","Dem. Rep. Congo"
"188","ZMB",9,"Zambia"," 20,678 ","Republic of Zambia","Low income","Sub-Saharan Africa","IDA","HIPC","Zambian kwacha","2000","DHS, 2007","","1994",NA,NA,"VAB","1990-92",2005,"BPM5","Preliminary","General","Budgetary","GDDS","IHS, 2004-05","","1990",NA,2008,2000,"ZM","ZM","Zambia","Zambia"
"189","ZWE",42,"Zimbabwe"," 9,802 ","Republic of Zimbabwe","Low income","Sub-Saharan Africa","Blend","","Zimbabwe dollar","2002","DHS, 2005/06","Fiscal year end: June 30; reporting period for national accounts data: CY.","1990",NA,NA,"VAB","1991, 1998",2005,"BPM5","Actual","General","Consolidated","GDDS","","","1960",1995,2008,2002,"ZW","ZW","Zimbabwe","Zimbabwe"
